dbSNP_accession	Source	Major_Allele	Subpopulation_Alleles	Frequency
rs5952410	1000Genomes	G	C	0.004768212
rs5952410	1000Genomes	G	G	0.995231788
rs3747295	1000Genomes	T	C	0.395496689
rs3747295	1000Genomes	T	T	0.604503311
rs2071848	1000Genomes	T	A	0.002913907
rs2071848	1000Genomes	T	T	0.997086093
rs7516274	1000Genomes	G	C	0.928714058
rs7516274	1000Genomes	G	G	0.071285942
rs147373451	1000Genomes	T	C	0.001397764
rs147373451	1000Genomes	T	T	0.998602236
